{"cameraMode":{"drawMode":0,"name":"Shaded","section":"Shading Mode"},"sceneLighting":true,"audioPlay":false,"sceneViewState":{"showFog":true,"showMaterialUpdate":true,"showSkybox":true,"showFlares":true,"showImageEffects":true,"showParticleSystems":true},"in2DMode":false,"pivot":{"x":1.3532968759536744,"y":-1.374881386756897,"z":-0.5801247358322144},"rotation":{"x":-0.12079412490129471,"y":0.8626194000244141,"z":-0.24460694193840028,"w":-0.42598697543144228},"size":1.8935513496398926,"orthographic":false}